customer_id,first_name,last_name,age,country,gender,favorite_color,shirt_size,credit_card_type,mobile_device_os
1,Winifred,Swafford,23,Thailand,Female,blue,XS,other,Android
2,Kattie,Asquez,21,China,Female,white,XL,other,Android
3,Gunter,Staddon,44,Panama,Male,green,XS,other,Android
4,Lurline,Markos,30,Yemen,Female,red,S,other,iOS
5,Tess,Soppeth,34,Ireland,Other,green,2XL,other,other
6,Latisha,Soldi,53,China,Female,green,XS,other,other
7,Aggie,Milier,40,Ireland,Female,white,XS,other,Android
8,Ulrica,Gonzalvo,60,China,Other,white,L,other,Android
9,Ferdinande,Odgers,42,China,Other,red,2XL,other,iOS
10,Kim,Andreev,45,France,Female,red,XL,other,Android
11,Alfred,Pacher,21,Brazil,Male,blue,L,other,iOS
12,Leonardo,Empson,60,Russia,Male,black,XL,other,iOS
13,Rufus,Vasyuchov,53,Swaziland,Male,green,2XL,other,iOS
14,Stacy,Isard,35,China,Male,green,3XL,visa,iOS
15,Blakelee,Meachem,29,France,Female,black,L,other,Android
16,Nathanael,McCritchie,22,Philippines,Male,blue,XL,mastercard,iOS
17,Theressa,Redmond,41,Russia,Female,blue,M,other,Android
18,Shane,Richen,34,Guinea,Female,white,2XL,other,other
19,Sara-ann,Dye,37,Philippines,Female,gray,XS,other,Android
20,Nobie,Torrijos,46,Ecuador,Male,red,M,other,Android
21,Nana,Swanne,57,Tanzania,Female,red,3XL,other,Android
22,Alexandre,Godbold,57,Russia,Male,red,3XL,other,Android
23,Jerad,Carling,38,Finland,Male,green,M,"american express",other
24,Mathilda,Ouver,43,Japan,Other,gray,XL,"american express",iOS
25,Stesha,Hollingdale,34,"Czech Republic",Other,red,S,other,Android
26,Caitrin,Howis,47,Chad,Female,black,L,other,iOS
27,Verne,Kitchen,54,Greece,Male,black,M,other,Android
28,Edlin,Ropp,51,China,Male,white,XL,other,Android
29,Holden,Clogg,28,Botswana,Male,white,S,other,Android
30,Nerty,Killford,47,Vietnam,Female,white,XS,mastercard,Android
31,Eba,Jarrel,44,Greece,Female,green,L,other,Android
32,Abramo,Scane,55,Portugal,Male,gray,M,mastercard,iOS
33,Maggee,Baudinelli,21,Morocco,Other,black,L,other,iOS
34,Afton,Bretherton,27,Bahamas,Female,blue,S,mastercard,Android
35,Janet,Baughen,39,France,Female,black,L,other,other
36,Jacquenetta,Greenhowe,39,Indonesia,Female,white,3XL,other,iOS
37,Felicia,Brozek,27,Finland,Female,blue,XS,other,Android
38,Jacynth,Love,59,Finland,Female,white,2XL,other,Android
39,Madlen,Fordy,41,China,Female,blue,3XL,other,Android
40,Sandy,Checo,23,"United States",Male,blue,M,other,Android
41,Joe,Pelling,20,Cameroon,Male,blue,3XL,other,Android
42,Golda,Pietraszek,59,Afghanistan,Female,green,XL,other,Android
43,Colver,"Van der Beek",32,Russia,Male,green,XS,other,iOS
44,Orion,MacConnechie,59,Philippines,Male,gray,S,other,Android
45,Otho,Patnelli,20,"Faroe Islands",Male,gray,2XL,other,iOS
46,Marnie,Ingliss,40,Sweden,Female,green,XL,other,Android
47,Fiorenze,Neilan,34,China,Female,gray,M,other,Android
48,Guy,Hitschke,22,France,Male,black,S,other,iOS
49,Ethelred,Whacket,48,Ecuador,Male,black,3XL,other,Android
50,Aurthur,Dethloff,40,China,Male,black,XS,other,iOS
51,Elia,Bryning,49,Philippines,Male,red,L,other,iOS
52,Carlynn,Trace,25,Morocco,Female,blue,XS,other,iOS
53,Berny,Sleightholme,38,France,Female,red,3XL,other,Android
54,Cob,"De Bischof",37,Sweden,Male,red,L,visa,iOS
55,Adrian,McOmish,27,Russia,Male,white,XS,other,Android
56,Gwenora,Pirouet,24,Indonesia,Female,green,2XL,other,Android
57,Vachel,Faireclough,49,China,Male,green,S,other,Android
58,Lanae,Fidgett,57,Afghanistan,Female,red,2XL,other,iOS
59,Jinny,Pibsworth,46,Brazil,Female,white,M,other,Android
60,Tedra,Goforth,52,Brazil,Female,blue,S,other,Android
61,Adriana,Ros,50,Afghanistan,Female,red,XL,other,Android
62,Flo,Iacabucci,40,Ukraine,Female,red,2XL,other,Android
63,Haley,Dilawey,48,China,Female,black,XS,"american express",Android
64,Marlee,Prickett,30,Colombia,Female,green,XL,other,Android
65,Lynn,Axton,21,"Czech Republic",Female,gray,XS,other,Android
66,Leona,Vigers,56,Nigeria,Female,white,XS,"american express",Android
67,Nico,Tonge,49,Nepal,Male,blue,M,other,Android
68,Carleton,Choak,54,China,Male,gray,XS,other,iOS
69,Henka,Roberts,25,Kazakhstan,Female,black,L,other,Android
70,Mal,Brockwell,36,Japan,Male,red,3XL,other,iOS
71,Blaine,Grisley,18,China,Other,red,S,other,Android
72,Scarlet,Pear,41,China,Female,green,XS,other,Android
73,Blair,Thying,29,"United States",Female,gray,XS,other,Android
74,Artemas,Whitman,55,Pakistan,Male,black,S,other,iOS
75,David,Kilshaw,33,Colombia,Male,blue,3XL,other,Android
76,Aretha,Huish,27,"South Korea",Female,green,M,visa,Android
77,Ferdy,"de Chastelain",21,"South Africa",Male,green,M,"american express",iOS
78,Noble,Skillen,24,Iraq,Male,green,3XL,"american express",iOS
79,Lotty,Andrault,57,Philippines,Female,green,L,mastercard,Android
80,Rosetta,Sikorski,60,Egypt,Female,black,S,other,other
81,Jorie,McLennan,55,Malaysia,Female,red,2XL,other,iOS
82,Darryl,Pyle,46,Russia,Female,green,2XL,other,iOS
83,Mia,Clampe,33,Latvia,Female,white,M,other,iOS
84,Lidia,Klagges,47,China,Female,black,XL,other,Android
85,Wilmer,Vicker,23,China,Male,green,L,other,Android
86,Torrence,Nussen,42,Indonesia,Male,blue,L,visa,iOS
87,Karry,Rosenstengel,55,Cameroon,Female,green,L,visa,Android
88,Adoree,Eckhard,39,China,Female,gray,XL,other,Android
89,Ann,Moncrieffe,59,Cuba,Female,gray,3XL,other,Android
90,Vlad,Wilton,21,Finland,Male,red,S,other,Android
91,Christi,Joselovitch,28,Indonesia,Female,white,S,other,iOS
92,Sarah,Stronough,42,Serbia,Female,blue,XS,other,Android
93,Kara-lynn,Ciciura,21,China,Female,black,XS,other,Android
94,Valentia,Deedes,38,Philippines,Female,white,XS,mastercard,Android
95,Josephina,Frohock,43,China,Female,red,M,other,Android
96,Ansley,Filan,40,"Czech Republic",Female,white,M,other,Android
97,Rowland,Jackson,35,Finland,Male,blue,M,other,Android
98,Abeu,Mullin,54,Indonesia,Male,white,XS,other,iOS
99,Fairlie,Wife,48,Thailand,Male,white,2XL,other,iOS
100,Genovera,McElwee,38,China,Female,blue,2XL,other,Android
101,Saunders,Jouen,30,Brazil,Male,black,S,other,iOS
102,Henri,Harriday,47,Philippines,Male,blue,M,other,other
103,Doti,Shirer,20,Nigeria,Female,black,M,other,other
104,Chantalle,Trigwell,60,Philippines,Female,red,2XL,other,Android
105,Dierdre,Fibben,20,Honduras,Female,gray,M,other,Android
106,Moises,Camilletti,48,Nigeria,Male,black,S,other,iOS
107,Pedro,Perrycost,60,Argentina,Male,white,L,other,Android
108,Gena,Hutchinson,58,Finland,Female,white,L,mastercard,iOS
109,Sidnee,Isabell,60,China,Male,red,S,other,Android
110,Mort,Selwyn,53,Guatemala,Male,black,XS,other,other
111,Brendin,Trehearne,41,"Czech Republic",Male,gray,XS,other,Android
112,Helaine,Seeds,59,Indonesia,Female,green,XL,other,Android
113,Brnaba,Janoch,45,China,Other,gray,2XL,other,Android
114,Archy,Witty,44,France,Male,green,L,"american express",iOS
115,Roxy,Dorre,27,Philippines,Female,green,XL,other,iOS
116,Archambault,O'Henehan,32,Brazil,Male,blue,L,other,Android
117,Price,Noice,39,Finland,Male,white,3XL,other,iOS
118,Sheppard,Kilfoyle,57,China,Male,blue,3XL,other,Android
119,Vera,Blunderfield,53,Brazil,Female,white,L,other,Android
120,Marion,Albert,52,Venezuela,Male,green,XS,other,iOS
121,Evan,Snow,29,"Democratic Republic of the Congo",Male,black,XL,other,Android
122,Muffin,Whawell,31,Brazil,Other,blue,2XL,other,Android
123,Paulie,Farryann,35,"United States",Other,gray,XS,other,Android
124,Alexine,Sabatini,58,China,Other,gray,2XL,other,iOS
125,Sly,Maunton,25,"Czech Republic",Male,white,M,other,Android
126,Rafi,Shakesby,23,Mongolia,Other,red,XL,other,Android
127,Staffard,Lufkin,58,Belarus,Other,white,2XL,other,Android
128,Alasdair,Kneeland,39,Russia,Male,gray,3XL,other,iOS
129,Raddy,Dirkin,54,Ireland,Other,gray,XS,mastercard,Android
130,Kit,Fullerlove,43,China,Male,blue,M,visa,Android
131,Gifford,Carver,36,France,Male,black,3XL,other,Android
132,Bartlet,Selbach,32,"United States",Male,gray,XL,other,iOS
133,Isidor,McPhail,20,"South Korea",Male,black,XL,other,Android
134,Desiree,Bolesma,32,Uganda,Female,gray,3XL,other,Android
135,Onida,Poplee,26,"El Salvador",Other,blue,2XL,other,Android
136,Parry,Kitley,31,France,Male,red,2XL,other,Android
137,Alvan,Cherm,36,China,Male,blue,3XL,other,iOS
138,Albertina,Hourahan,25,Philippines,Female,gray,XL,mastercard,Android
139,Gardener,Jeavon,24,"Palestinian Territory",Male,white,XS,other,Android
140,Niven,Albasiny,31,Syria,Male,black,M,other,iOS
141,Alice,Figge,43,France,Female,red,XS,other,Android
142,Alister,O'Bradden,34,China,Other,green,XL,other,Android
143,Cybill,Villa,43,Indonesia,Female,blue,L,other,iOS
144,Constantia,Outram,55,"United States",Female,green,XS,other,Android
145,Derron,Skryne,26,Colombia,Other,green,2XL,"american express",other
146,Darsie,Densumbe,51,China,Female,green,3XL,other,iOS
147,Dane,Margery,32,China,Male,white,M,other,other
148,Marin,Widdicombe,43,Indonesia,Female,green,2XL,mastercard,Android
149,Cassandre,Zanardii,27,France,Other,green,XS,other,Android
150,Lammond,Swayte,56,Colombia,Male,black,2XL,other,Android
151,Orazio,Marcq,21,Portugal,Male,red,XL,mastercard,iOS
152,Bertrando,Izakson,26,Belarus,Male,black,L,other,Android
153,Desdemona,D'Ambrogi,55,Indonesia,Female,blue,2XL,other,Android
154,Sauveur,Scotland,33,China,Male,gray,3XL,other,iOS
155,Morley,Diggens,28,Philippines,Male,black,XS,other,Android
156,Dyanne,Firidolfi,51,Russia,Other,red,XS,other,iOS
157,Jeffrey,Cosgreave,55,Indonesia,Male,white,3XL,other,other
158,Celina,Gooddie,42,Indonesia,Female,black,XS,other,iOS
159,Emmery,Uppett,40,Portugal,Male,black,XS,other,iOS
160,Livy,Risson,32,China,Female,white,2XL,other,Android
161,Cheston,Burd,37,Sweden,Male,green,S,other,Android
162,Shelia,Adicot,47,Canada,Female,green,L,other,iOS
163,Aron,Macvain,33,China,Male,gray,M,visa,Android
164,Ardys,Keymer,33,Portugal,Female,gray,M,other,iOS
165,Lonnie,Blague,55,Indonesia,Male,green,XS,other,iOS
166,Evangeline,Anmore,41,Philippines,Female,black,M,visa,Android
167,Salomon,Radden,53,Colombia,Male,gray,XS,other,iOS
168,Beilul,Rapaport,54,Belarus,Female,blue,3XL,"american express",iOS
169,Dixie,Cassella,20,China,Female,green,XS,other,other
170,Kristen,MacNally,44,Nigeria,Female,white,M,other,iOS
171,Helyn,Kelsey,33,China,Female,black,L,other,Android
172,Demetri,Drejer,58,"Czech Republic",Male,green,2XL,other,iOS
173,Jilleen,Keysel,34,Tunisia,Other,blue,S,other,Android
174,Fedora,"O' Lone",55,Indonesia,Female,black,XS,visa,Android
175,Chalmers,Bodimeade,60,China,Male,blue,2XL,other,other
176,Richart,Tape,44,Indonesia,Male,black,M,visa,Android
177,Wake,Tessington,56,Croatia,Male,green,S,other,iOS
178,Claudius,Kivlin,55,Laos,Male,gray,M,other,Android
179,Emili,Coppard,56,Myanmar,Female,gray,XS,mastercard,Android
180,Minerva,Lagne,20,"Czech Republic",Female,green,S,"american express",Android
181,Bryon,Crysell,56,Thailand,Male,red,M,other,Android
182,Brant,Utley,44,Brazil,Male,green,XS,other,iOS
183,Karlik,Guitton,33,Indonesia,Male,white,XL,other,iOS
184,Breena,Pikhno,59,China,Female,blue,XS,other,Android
185,Silvan,Marchant,33,China,Male,black,XS,other,iOS
186,Bailie,Maskelyne,46,"Faroe Islands",Male,gray,L,other,Android
187,Jordan,Wallington,35,Poland,Female,green,L,visa,Android
188,Channa,Elles,25,Afghanistan,Female,green,S,other,iOS
189,Lyndsay,Danilin,33,"United States",Female,blue,2XL,other,Android
190,Emma,Pittel,29,"South Korea",Female,white,L,other,Android
191,Ekaterina,Kirrage,20,Canada,Female,gray,XS,other,Android
192,Jerrylee,Drayson,43,China,Female,black,3XL,other,Android
193,Roxana,Lode,35,Brazil,Female,black,S,other,iOS
194,Muffin,Drieu,30,Indonesia,Male,blue,M,other,Android
195,Averell,Bilofsky,19,Brazil,Male,red,3XL,other,Android
196,Dalila,Elvy,30,Luxembourg,Female,blue,XL,other,iOS
197,Salvatore,Stellino,38,Russia,Male,blue,L,other,Android
198,Adey,Wardale,57,Panama,Female,green,S,other,iOS
199,Consuelo,Tofpik,52,"United States",Female,gray,3XL,other,iOS
200,Claus,Torrisi,42,Argentina,Male,white,L,other,iOS
201,Fiona,Epton,51,Uzbekistan,Female,red,3XL,other,Android
202,Carlie,Moens,48,China,Female,red,3XL,other,Android
203,Carling,Longmore,50,France,Male,black,S,other,iOS
204,Omar,MacGilfoyle,55,Nigeria,Male,red,XS,other,iOS
205,Mariska,Spataro,29,Indonesia,Female,red,M,other,Android
206,Nolan,Avis,39,Ireland,Male,blue,2XL,other,iOS
207,Cointon,Warratt,35,Indonesia,Male,green,M,mastercard,Android
208,Ailbert,Twiddell,41,"United States",Male,green,S,mastercard,iOS
209,Cesar,Labet,59,Nepal,Male,black,XS,other,Android
210,Lanae,Tyres,31,Brazil,Female,red,3XL,other,Android
211,Wilhelmine,Semken,38,Latvia,Female,green,S,other,Android
212,Chiquita,Housbie,31,Sweden,Female,black,S,mastercard,Android
213,Tailor,Osmant,43,Morocco,Male,blue,XS,other,Android
214,Aime,Giorgione,43,Poland,Female,red,XL,other,other
215,Martguerita,Lightowlers,50,Sweden,Female,green,3XL,other,Android
216,Hilary,Clemendot,38,China,Male,black,XS,other,iOS
217,Blair,Beinisch,44,France,Other,green,L,other,iOS
218,Marcille,Hanaford,58,Indonesia,Female,green,M,other,iOS
219,Cecilio,Mazzey,55,Portugal,Male,blue,XS,other,Android
220,Foster,Merioth,53,Sweden,Male,green,XL,other,Android
221,Crista,Jefford,50,China,Female,gray,3XL,other,Android
222,Fey,Dossettor,29,Iran,Female,blue,3XL,other,Android
223,Arleen,McGrann,34,Indonesia,Female,gray,XS,other,Android
224,Clifford,Spanswick,29,Brazil,Male,blue,L,other,Android
225,Grace,Dabels,42,Palau,Male,black,L,other,iOS
226,Kahlil,Knapton,31,Indonesia,Other,gray,2XL,other,Android
227,Rossy,Jent,35,Azerbaijan,Male,white,M,visa,iOS
228,Thom,Duckering,60,Philippines,Male,red,L,other,other
229,Dena,Ottewell,34,China,Female,red,L,other,other
230,Sissie,Hancell,23,China,Female,gray,3XL,mastercard,Android
231,Malvina,Meadmore,34,Ukraine,Female,blue,S,"american express",iOS
232,Hermy,Giddins,36,Nigeria,Male,green,XL,other,Android
233,Mallory,Mullarkey,59,Portugal,Female,blue,S,visa,iOS
234,Freda,Keems,33,Uruguay,Female,black,3XL,other,Android
235,Kathe,Oddie,42,Colombia,Female,blue,L,other,Android
236,"Dee dee",Melchior,41,"Papua New Guinea",Female,gray,XL,other,Android
237,Roselle,Chisnall,49,Bulgaria,Female,black,XS,mastercard,Android
238,Carline,Rasher,44,China,Female,blue,M,mastercard,other
239,Sadella,Monelle,51,Panama,Female,blue,XL,other,Android
240,Waldemar,Huskinson,40,Philippines,Male,red,S,other,iOS
241,Carolus,Pointon,54,Russia,Male,blue,XL,other,Android
242,Olag,Seekings,34,China,Male,blue,M,"american express",Android
243,Gregor,Gascoigne,37,China,Male,red,2XL,other,Android
244,Roley,Brinsford,24,Brazil,Male,green,XS,other,Android
245,Moe,Everly,45,Indonesia,Male,green,S,"american express",iOS
246,Dasie,Rolph,40,Panama,Female,gray,2XL,mastercard,Android
247,Theodor,Zotto,28,China,Male,red,S,other,Android
248,Berk,Naismith,34,"United States",Male,green,3XL,"american express",Android
249,Lucine,Bisatt,31,Greece,Female,blue,2XL,other,iOS
250,Wendall,Axcel,20,Indonesia,Male,gray,2XL,other,Android
251,Lonnie,Winspeare,48,Mexico,Male,red,2XL,other,Android
252,Sioux,Godfrey,59,China,Female,black,3XL,other,Android
253,Stormie,Huie,25,Poland,Female,green,3XL,"american express",iOS
254,Lora,Ritzman,57,Poland,Female,green,L,other,Android
255,Arabelle,Dorkens,26,"South Africa",Female,green,M,other,Android
256,Byrom,Antognozzii,33,Philippines,Male,black,M,other,Android
257,Evelyn,McClay,45,Iceland,Male,gray,2XL,mastercard,Android
258,Emmalynn,Coventon,20,"United States",Female,white,2XL,other,Android
259,Denys,Ginglell,26,China,Male,gray,L,other,iOS
260,Eran,Sheriff,42,China,Female,black,S,mastercard,iOS
261,Omero,Dimock,46,Cuba,Male,green,3XL,other,iOS
262,Quinn,Odhams,38,Venezuela,Male,green,XS,other,iOS
263,Maximilien,"Von Brook",28,Indonesia,Male,black,S,other,Android
264,Phineas,McColm,37,Japan,Male,blue,XL,other,iOS
265,Mae,Hillitt,54,China,Other,green,S,mastercard,iOS
266,Elroy,Muldrew,53,Poland,Male,red,S,other,Android
267,Carma,Cordelet,32,Russia,Female,gray,XL,"american express",Android
268,Baudoin,Purcell,18,China,Male,green,XS,other,iOS
269,Denise,Lathwell,44,Philippines,Female,blue,XS,other,Android
270,Dwain,Sinnock,30,China,Male,black,XL,other,Android
271,Rustin,Bank,36,Indonesia,Male,red,XS,other,iOS
272,Dur,Aldous,30,Philippines,Male,green,L,other,Android
273,Marybeth,Gurko,46,Russia,Female,blue,XS,other,Android
274,Cheslie,Langston,19,"Burkina Faso",Female,white,L,other,iOS
275,Garrett,Leupoldt,34,Philippines,Other,blue,2XL,mastercard,Android
276,Rockie,Guesford,37,Portugal,Other,gray,2XL,other,other
277,Arlin,Wythe,49,China,Male,gray,M,other,iOS
278,Flossi,Aylett,49,Indonesia,Female,blue,S,visa,Android
279,Hillard,Rate,19,"Czech Republic",Male,black,3XL,other,Android
280,Stern,Templeman,23,China,Male,gray,M,other,Android
281,Eustace,Fronek,35,Ukraine,Male,green,XL,other,Android
282,Johny,Rait,24,Finland,Male,black,L,other,Android
283,Conrad,Purcell,31,Russia,Male,gray,XS,other,Android
284,Elyn,Cleef,55,China,Female,white,XS,other,Android
285,Clara,Cowser,28,"Czech Republic",Female,black,XL,other,Android
286,Mufinella,Pinsent,22,"Czech Republic",Female,white,3XL,other,iOS
287,Buddie,Vigars,48,"United States",Male,black,XL,other,iOS
288,Guthry,Mugleston,24,China,Male,black,XS,other,iOS
289,Gipsy,Renfree,27,Chile,Female,blue,2XL,other,Android
290,Nicholas,McNish,53,Indonesia,Male,black,L,mastercard,other
291,Raychel,Rubie,33,China,Female,white,XL,mastercard,Android
292,Fletch,Hegley,57,China,Male,red,M,other,iOS
293,Sandye,Stubs,20,Philippines,Female,blue,XL,other,Android
294,Natalie,Kornyshev,45,Indonesia,Female,red,3XL,other,Android
295,Cullen,Dacres,20,"United States",Male,white,L,mastercard,iOS
296,Field,Zmitrichenko,57,Indonesia,Male,black,L,other,iOS
297,Lilah,Krol,35,China,Female,red,S,"american express",iOS
298,Demetri,Housley,59,China,Male,green,L,other,Android
299,Derward,Gerardet,48,Honduras,Male,gray,2XL,other,iOS
300,Marie-ann,Rudall,33,France,Female,white,3XL,other,iOS
301,Karine,Sisneros,50,"North Korea",Female,red,2XL,other,iOS
302,Cully,Durrington,22,Bahrain,Other,green,2XL,other,Android
303,Abbie,Heffernan,34,China,Female,red,L,visa,Android
304,Garek,Klassmann,55,"United States",Male,red,XS,mastercard,Android
305,Edita,"Van der Hoven",45,Portugal,Female,blue,XS,other,iOS
306,Richard,Yashanov,26,China,Other,black,L,other,Android
307,Danya,Bussel,25,Ecuador,Female,white,XL,other,Android
308,Coretta,Jinkinson,60,China,Female,gray,M,"american express",iOS
309,Job,Layhe,28,Botswana,Male,white,L,other,Android
310,Maiga,Querree,53,Philippines,Female,blue,S,other,iOS
311,Tootsie,Dimitrov,41,Greece,Female,gray,L,other,iOS
312,Hugues,Sharpless,50,China,Male,red,L,other,iOS
313,Lutero,Heaford,38,Mongolia,Male,blue,M,other,iOS
314,Koralle,Reith,58,Madagascar,Female,green,S,"american express",iOS
315,Jakie,Moreno,50,Russia,Other,white,XL,other,Android
316,Grenville,Kinnaird,44,China,Male,green,L,"american express",iOS
317,Mae,Kahan,60,China,Female,green,S,other,Android
318,Port,Cronchey,30,China,Male,black,XL,mastercard,Android
319,Tome,Hutchcraft,53,Indonesia,Male,red,XL,other,iOS
320,Cristionna,Audley,57,Brazil,Female,white,L,other,iOS
321,Leeann,Legendre,60,China,Female,gray,L,mastercard,iOS
322,Patin,Groves,26,Serbia,Male,white,M,other,Android
323,Gerald,Gilsthorpe,37,"South Korea",Male,blue,L,other,Android
324,Jaimie,Harrowell,50,Afghanistan,Other,gray,XL,other,Android
325,Sherline,Bartholomieu,43,China,Female,black,2XL,other,Android
326,Perl,Gilhooly,34,"Sri Lanka",Female,green,XS,other,Android
327,Tisha,Sly,31,China,Female,white,XS,other,iOS
328,Cristina,Conkling,38,Portugal,Female,white,L,other,Android
329,Rahel,McClosh,49,China,Female,blue,XL,"american express",other
330,Astra,Witz,25,"Czech Republic",Female,blue,2XL,other,Android
331,Benedikta,Rabidge,39,Spain,Female,black,L,other,Android
332,Tatiania,Mannin,46,"Czech Republic",Female,blue,L,other,iOS
333,Aurelie,Tofanini,58,Ireland,Female,red,S,other,Android
334,Ailbert,Bollom,37,Philippines,Male,green,M,other,Android
335,Tommie,Risbridge,20,Peru,Female,white,3XL,other,other
336,Antonino,O'Flannery,19,Russia,Male,black,XL,other,other
337,Alika,Dagworthy,59,Russia,Female,blue,M,other,Android
338,Bertram,MacSporran,28,Thailand,Male,green,S,other,Android
339,Ange,Saunder,27,Norway,Female,red,XL,"american express",iOS
340,Gillie,Fooks,18,Greece,Other,blue,L,other,Android
341,Barbette,Bossom,44,Poland,Female,red,L,other,Android
342,Gunner,Renvoise,59,Poland,Male,black,S,mastercard,Android
343,Cornelia,Pruvost,56,China,Female,white,L,other,iOS
344,Lind,Emeny,60,"United States",Female,red,2XL,other,Android
345,Vidovic,Wadlow,53,Mongolia,Male,black,3XL,other,iOS
346,Angel,Schimonek,34,Cuba,Female,blue,XS,other,Android
347,Emma,Conman,25,Ireland,Female,green,3XL,other,Android
348,Christan,Dabbes,58,"Equatorial Guinea",Female,black,S,other,Android
349,Borden,Styant,41,Argentina,Male,gray,2XL,other,Android
350,Abey,Slyvester,58,"Cape Verde",Male,green,XS,other,Android
351,Mendie,Senescall,60,Indonesia,Male,red,3XL,other,iOS
352,Obadias,Noon,54,China,Male,blue,M,other,Android
353,Berrie,Pashley,42,China,Female,blue,L,other,iOS
354,Kipper,Noorwood,30,Kazakhstan,Male,green,XL,other,Android
355,Marcus,Hurkett,28,Sweden,Male,gray,L,other,Android
356,Janean,Ferbrache,59,Mexico,Female,white,XS,other,Android
357,Bob,Bakesef,22,Philippines,Male,gray,XL,other,Android
358,Dina,Wolfendell,31,Portugal,Female,black,M,other,iOS
359,Neala,Megainey,49,China,Other,black,2XL,other,Android
360,Junie,Garford,18,France,Female,blue,2XL,other,other
361,Lucky,Leopard,44,Indonesia,Female,red,XS,other,Android
362,Korney,McElroy,18,Pakistan,Female,green,XL,other,Android
363,Patrick,Barstow,22,China,Other,blue,XS,mastercard,iOS
364,Laurena,Dymocke,56,China,Female,red,3XL,other,iOS
365,Ruggiero,Pattle,44,Indonesia,Male,white,S,"american express",iOS
366,Orin,Loudiane,54,China,Male,white,L,other,iOS
367,Regan,Tripean,45,Indonesia,Male,white,2XL,other,iOS
368,Wallace,Convery,37,China,Male,gray,3XL,other,Android
369,Ciro,Panter,60,China,Male,black,2XL,other,Android
370,Allister,Storrier,51,"Ivory Coast",Male,gray,3XL,mastercard,Android
371,Madeline,Crew,30,China,Other,white,2XL,other,iOS
372,Danielle,Copplestone,60,Afghanistan,Female,gray,L,other,Android
373,Malcolm,Glassard,32,"Czech Republic",Male,red,XS,other,Android
374,Danielle,Govenlock,45,China,Female,gray,2XL,other,Android
375,Dermot,Bickersteth,25,China,Male,red,S,"american express",iOS
376,Jeanelle,Onraet,18,France,Other,white,M,other,iOS
377,Roderich,Yeandel,37,Indonesia,Male,black,2XL,"american express",Android
378,Micky,Hartle,45,Philippines,Female,white,XL,other,iOS
379,Frederico,Robshaw,50,Ukraine,Male,black,L,other,Android
380,Martyn,O'Gorman,24,Poland,Male,green,L,other,Android
381,Hayyim,Conibere,59,China,Male,blue,XL,"american express",Android
382,Mag,Gatch,28,China,Female,blue,M,other,Android
383,Cosette,Yewdale,44,Russia,Female,black,XL,other,other
384,Porty,Kilshall,44,Russia,Other,white,2XL,other,iOS
385,Joana,Cheng,30,Uganda,Female,black,L,other,iOS
386,Chevalier,Andres,23,"Ivory Coast",Male,red,XS,other,Android
387,Moss,Harrhy,44,Philippines,Male,red,XS,other,other
388,Jameson,Ambrose,49,Russia,Male,black,2XL,other,iOS
389,Allina,Raeside,33,Portugal,Female,green,S,other,Android
390,Arny,Sunley,54,Philippines,Male,white,L,other,Android
391,Alfonso,Grayley,35,Philippines,Male,red,L,"american express",Android
392,Orsola,Pfertner,36,Haiti,Female,gray,XL,other,Android
393,Aloysius,Bremeyer,46,Portugal,Male,gray,M,other,iOS
394,Giuseppe,Itzkovwitch,20,Guatemala,Male,green,M,other,iOS
395,Loren,Sarver,36,France,Male,white,2XL,"american express",other
396,Konstantin,Buxsey,28,France,Male,blue,S,other,iOS
397,Lesly,Heisham,46,Poland,Female,black,2XL,other,Android
398,Luz,Theurer,33,China,Female,red,3XL,other,Android
399,Wiley,Clemmensen,42,Philippines,Male,blue,2XL,other,Android
400,Alla,Romaines,60,Indonesia,Female,red,2XL,other,Android
401,Golda,Messer,40,China,Female,blue,L,mastercard,other
402,Laney,Fairall,41,Nigeria,Male,green,XL,other,Android
403,Barbe,Emma,43,Vietnam,Other,black,3XL,other,Android
404,Reeba,Shakelady,22,China,Female,black,S,other,iOS
405,Adrea,Tipling,56,Brazil,Female,gray,XL,other,Android
406,Amelia,Agott,28,Nepal,Female,green,3XL,visa,Android
407,Sloan,McFayden,26,Russia,Male,green,3XL,other,iOS
408,Sheffie,Gierardi,43,Tanzania,Male,red,XL,other,iOS
409,Otha,Farnill,49,China,Female,gray,L,other,Android
410,Cecilia,Merchant,25,China,Female,red,XL,other,Android
411,Mallory,Novelli,33,Japan,Female,gray,XS,other,iOS
412,Lucila,Shwenn,22,Egypt,Female,white,3XL,other,iOS
413,Anetta,Sutliff,22,Russia,Female,blue,XL,other,other
414,Cathrine,McGahern,25,China,Other,green,3XL,other,Android
415,Ellen,Brisset,35,"Czech Republic",Female,white,S,other,Android
416,Gianna,Laurentin,53,Guatemala,Female,red,2XL,mastercard,Android
417,Cello,Rubee,49,France,Male,gray,2XL,other,Android
418,Eli,Whitsun,37,Norway,Male,blue,XS,other,iOS
419,Edmon,Fearnyough,47,"Czech Republic",Male,black,L,other,Android
420,Emylee,Bouchier,56,Ukraine,Female,black,XS,other,Android
421,Jarvis,Burbury,37,China,Male,black,L,other,iOS
422,Martica,Langeren,60,Sweden,Female,blue,M,mastercard,iOS
423,Kary,Benasik,24,Nigeria,Female,black,L,other,iOS
424,Nikoletta,Greguoli,27,"United States",Female,black,M,other,Android
425,Jade,Bracher,48,Haiti,Female,blue,S,"american express",iOS
426,Natala,Oatley,46,Sweden,Female,red,2XL,other,iOS
427,Cayla,Teape,44,Philippines,Female,white,2XL,other,Android
428,Myrtle,Pagitt,52,Colombia,Female,gray,XL,other,iOS
429,Rik,Tooting,55,Russia,Male,black,S,other,iOS
430,Melodie,Korda,29,Peru,Female,blue,L,other,iOS
431,Minor,Tedman,36,Indonesia,Male,gray,XL,other,Android
432,Joete,Sporle,32,Japan,Female,blue,S,mastercard,Android
433,Leo,Karpets,34,Nicaragua,Male,red,M,other,other
434,Muhammad,Joscelin,18,Portugal,Male,black,XL,other,iOS
435,Jesus,Tombleson,28,Indonesia,Male,green,2XL,other,Android
436,Dulci,Hadlee,37,France,Other,gray,M,mastercard,iOS
437,Latisha,Crittal,49,France,Female,blue,M,other,Android
438,Layton,Clewes,22,Mexico,Male,blue,XS,other,other
439,Bartie,Pitkaithly,30,Cuba,Male,green,XL,other,Android
440,Buddy,Hurran,36,Belarus,Male,blue,S,other,Android
441,Margeaux,Simonetto,55,"United States",Female,white,M,other,iOS
442,Austin,Tedridge,41,China,Male,blue,2XL,other,Android
443,Leda,McClune,45,France,Female,green,XL,other,other
444,Inge,Garroway,51,France,Female,green,3XL,other,Android
445,Tatum,Blaase,25,Philippines,Female,white,2XL,other,iOS
446,Celinka,Ramsell,30,Poland,Female,gray,2XL,other,Android
447,Charyl,McMonnies,27,Indonesia,Female,white,3XL,other,Android
448,Timmie,Rowles,56,Russia,Female,red,XL,other,Android
449,Sutton,Davydenko,54,China,Male,white,XL,other,Android
450,Elvyn,Dyne,49,Serbia,Male,red,L,other,Android
451,Ferdinand,Impey,55,Thailand,Male,green,S,other,Android
452,Skippie,Brittan,49,Indonesia,Male,green,M,other,Android
453,Sibylle,Mayfield,40,France,Female,blue,2XL,"american express",Android
454,Milissent,Corah,55,"Ivory Coast",Female,red,L,other,Android
455,Vikki,Ethelstone,32,Syria,Female,red,2XL,other,Android
456,Carlynn,Sadd,60,China,Female,red,L,other,Android
457,Ellwood,Davys,31,Sweden,Male,black,XS,other,iOS
458,Cristabel,Swiggs,60,Brazil,Female,gray,S,other,Android
459,Filberte,Espinas,51,Portugal,Male,white,3XL,other,Android
460,Phoebe,Turpie,26,China,Female,black,L,"american express",iOS
461,Katleen,Ambrosio,43,China,Female,white,S,other,iOS
462,Tobin,Ladel,25,China,Male,white,2XL,other,Android
463,Candra,Woolbrook,55,France,Female,green,XS,mastercard,Android
464,Eddi,Boatwright,28,Indonesia,Female,red,2XL,other,iOS
465,Philomena,Blamphin,46,Indonesia,Female,white,XS,other,Android
466,Arda,Meace,37,Canada,Female,blue,2XL,"american express",iOS
467,Zitella,Labbey,33,China,Female,green,XS,other,Android
468,Morie,Kalkofen,30,China,Male,green,L,other,other
469,Dmitri,Crewther,56,Vietnam,Male,white,M,other,iOS
470,Luce,Robinson,37,Russia,Female,red,M,visa,Android
471,Enid,Frigot,46,Argentina,Female,green,M,other,other
472,Yehudi,"Van Der Walt",29,Philippines,Male,black,3XL,other,iOS
473,Kaye,Debenham,35,Ukraine,Female,white,3XL,other,iOS
474,Elyse,Frow,39,Sweden,Other,green,S,other,iOS
475,Weber,Cownden,31,Sweden,Male,green,2XL,"american express",Android
476,Alexandre,Kissick,19,Denmark,Male,blue,L,other,Android
477,Bronson,Houchen,24,Russia,Male,red,M,other,Android
478,Jaclin,Uppett,19,Ukraine,Female,white,XL,other,Android
479,Claybourne,Machen,56,Indonesia,Male,blue,M,other,Android
480,Jessamyn,Pedroli,39,Sudan,Female,black,M,other,Android
481,Klarrisa,Olerenshaw,40,China,Female,red,S,other,Android
482,Matthias,Helleker,31,Colombia,Male,green,M,other,Android
483,Cart,Zavittieri,20,China,Male,black,XL,other,iOS
484,Katharine,Caseborne,43,China,Other,white,S,other,other
485,Livvyy,Darkins,23,Ukraine,Female,gray,L,other,Android
486,Leonardo,Pettican,42,"Czech Republic",Male,red,2XL,other,Android
487,Dennie,Folbig,57,Indonesia,Male,blue,M,other,iOS
488,Gerladina,Mustill,60,Ethiopia,Female,blue,S,other,Android
489,Mary,Scorey,52,Indonesia,Female,black,L,other,other
490,Paddy,Wingeat,47,Argentina,Male,blue,XL,other,Android
491,Almeda,Winstanley,30,Cuba,Female,green,L,other,iOS
492,Thaxter,Cavey,52,China,Other,black,3XL,other,Android
493,Averell,Eilert,32,Indonesia,Male,blue,2XL,other,iOS
494,Gustaf,Paulich,51,Mongolia,Male,black,2XL,other,Android
495,Patti,"De Meis",42,"Dominican Republic",Female,green,L,other,iOS
496,Denver,Burlingame,37,Paraguay,Other,red,3XL,other,iOS
497,Curr,Fishbourne,50,Greece,Other,red,2XL,other,iOS
498,Cassi,Forge,52,Japan,Female,white,XS,other,Android
499,Lazaro,Surman-Wells,55,France,Male,gray,L,other,Android
500,Enid,Pusey,59,China,Female,blue,L,other,iOS
501,Miner,Bailey,44,Russia,Male,black,L,other,iOS
502,Alfonso,Purviss,49,China,Male,white,2XL,other,iOS
503,Lu,Drever,50,Russia,Other,black,S,other,Android
504,Golda,Sweating,42,"Czech Republic",Female,gray,S,"american express",iOS
505,Alain,Theobalds,31,Japan,Male,white,L,other,Android
506,Helena,Mastrantone,59,China,Female,blue,L,other,Android
507,Lauraine,Saffle,31,Yemen,Female,gray,S,other,iOS
508,Pammie,Pirot,46,Thailand,Female,white,XL,other,Android
509,Wayne,Turley,50,Portugal,Male,black,2XL,other,iOS
510,Cristian,Le-Good,43,Ireland,Male,white,S,other,iOS
511,Bayard,Overell,28,Sweden,Male,white,L,other,iOS
512,Nedi,Thew,60,Ethiopia,Female,red,M,other,Android
513,Jemmy,Fullagar,50,Peru,Female,black,S,other,iOS
514,Tommy,Storks,30,Japan,Female,white,M,other,other
515,Sal,Sussans,22,Albania,Male,blue,XS,other,iOS
516,Dory,Solloway,28,Japan,Male,white,S,other,Android
517,Tomas,Chadd,47,Canada,Male,white,M,other,iOS
518,Marcelle,Purdom,27,Azerbaijan,Female,white,S,other,Android
519,Albie,Froom,60,Mauritius,Male,gray,M,other,Android
520,Granthem,Janzen,47,Russia,Male,red,2XL,other,Android
521,Emile,Poacher,32,Reunion,Male,blue,XS,visa,iOS
522,Karol,Gloyens,53,Nigeria,Female,blue,L,other,iOS
523,Nana,Larcier,31,Indonesia,Female,red,S,"american express",iOS
524,Loleta,Emnoney,44,Belgium,Other,green,2XL,other,Android
525,Norbert,Hedau,22,China,Male,gray,L,other,other
526,Emmott,Farren,28,Vietnam,Male,black,L,other,iOS
527,Anabelle,Hintzer,56,Ukraine,Female,black,L,other,Android
528,Alwyn,Mateuszczyk,32,Russia,Male,white,L,other,other
529,Delcine,Degoe,24,Indonesia,Female,red,S,"american express",Android
530,Fredek,Kuhnhardt,44,Indonesia,Male,black,M,other,Android
531,Gelya,Grimmett,20,China,Female,green,3XL,other,iOS
532,Cedric,Fergie,56,Venezuela,Male,green,3XL,other,Android
533,Norma,Tripney,48,Ethiopia,Female,white,L,other,other
534,Datha,Fishburn,26,Poland,Other,white,L,"american express",iOS
535,Adela,Beacham,56,Germany,Female,green,2XL,"american express",Android
536,Chucho,"Nan Carrow",26,Indonesia,Male,blue,M,other,iOS
537,Haskell,Daugherty,25,"Palestinian Territory",Male,black,3XL,other,iOS
538,Roselin,Luce,52,Indonesia,Female,black,M,other,Android
539,Bentley,Lahy,47,"El Salvador",Male,white,S,other,iOS
540,Tova,Gillanders,35,Liberia,Female,red,3XL,other,Android
541,Jenica,Lambe,21,France,Other,white,3XL,other,Android
542,Tuesday,Trevna,57,Brazil,Female,red,2XL,other,iOS
543,Claudetta,Calver,35,China,Female,red,S,other,Android
544,Constantine,Huot,60,Slovenia,Male,gray,3XL,other,iOS
545,Bryn,Matyatin,53,"Dominican Republic",Male,red,L,other,iOS
546,Lexine,Davern,22,Indonesia,Female,green,M,other,Android
547,Milicent,Mandre,34,Thailand,Female,black,3XL,other,other
548,Madeleine,Barraclough,45,France,Female,gray,3XL,other,Android
549,Marley,Bastock,24,Peru,Female,gray,2XL,other,iOS
550,Fidelia,Brougham,23,Russia,Female,red,L,other,Android
551,Monro,Yankov,49,Philippines,Male,black,3XL,other,Android
552,Travis,Raselles,50,China,Male,red,XS,visa,iOS
553,Carny,Sidwick,25,France,Male,black,XL,other,Android
554,Daisey,Manville,34,Brazil,Female,gray,S,other,Android
555,Rici,Mechem,29,China,Female,green,3XL,other,other
556,Hamilton,Haskey,59,Philippines,Male,gray,L,"american express",iOS
557,Charissa,McCaighey,34,Australia,Female,red,S,other,Android
558,Ettie,Leynagh,29,Ukraine,Female,green,M,other,Android
559,Corabel,Sinderland,52,Argentina,Female,red,M,other,Android
560,Farrell,Lewsley,36,"United States",Male,red,3XL,other,Android
561,Grantham,Brinson,60,Indonesia,Male,blue,XS,other,iOS
562,Kris,Bleesing,35,Rwanda,Male,blue,L,other,other
563,Roy,Scragg,40,China,Male,red,S,"american express",Android
564,Luciana,Sales,48,Indonesia,Female,red,M,visa,Android
565,Fidole,Milsted,34,Brazil,Male,blue,XL,other,other
566,Rani,Saveall,20,Indonesia,Female,gray,XS,other,Android
567,Demetra,Grosvenor,22,Brazil,Female,white,3XL,"american express",Android
568,Casi,Symson,40,Indonesia,Female,blue,M,other,iOS
569,Goldarina,Swales,60,Indonesia,Female,black,2XL,other,iOS
570,Gilbertine,Poppleton,22,China,Female,red,M,other,Android
571,Roderich,Branson,37,Japan,Male,green,L,other,Android
572,Fanya,Hildred,50,"United States",Female,white,3XL,other,Android
573,Collin,Ellicott,24,China,Male,red,2XL,other,Android
574,Gabbi,Cleminson,34,Japan,Female,gray,XS,mastercard,iOS
575,Edythe,Sandercroft,18,Peru,Female,red,M,other,iOS
576,Vonny,Shama,53,China,Female,gray,XS,"american express",Android
577,Balduin,Lamport,19,Philippines,Male,blue,XL,other,Android
578,Zeb,Garza,49,Ukraine,Male,blue,XL,other,Android
579,Tonnie,Cordier,40,Peru,Other,red,XS,other,iOS
580,Jessika,Wicher,19,China,Female,green,2XL,"american express",Android
581,Ceil,Alderton,22,Philippines,Other,green,M,other,Android
582,Reggi,Sampey,31,Argentina,Female,green,XS,other,Android
583,Caritta,Grinishin,40,China,Female,blue,3XL,other,iOS
584,Gustavo,Hancell,19,China,Male,green,XS,other,iOS
585,Nevins,Gadney,43,China,Male,white,XL,other,Android
586,Marlon,Ducarne,48,Indonesia,Male,gray,XS,other,Android
587,Ninette,Grigoryev,25,"United States",Female,black,M,other,iOS
588,Emmery,Duferie,30,China,Male,gray,M,other,Android
589,Maegan,Golling,18,Indonesia,Female,red,3XL,other,Android
590,Eula,Pourveer,26,Russia,Female,blue,S,other,iOS
591,Frazier,Tofanelli,48,Sweden,Male,gray,3XL,other,Android
592,Dante,Stevings,22,Indonesia,Male,gray,XL,other,Android
593,Cassie,Yukhov,20,China,Other,blue,M,other,Android
594,Kyle,Rignold,46,China,Female,white,XL,other,Android
595,Pembroke,O'Kielt,42,Indonesia,Male,black,3XL,other,iOS
596,Cammi,Butter,45,Portugal,Female,white,S,"american express",Android
597,Amity,Deeming,57,Pakistan,Female,green,S,other,Android
598,Renell,Varnham,42,Russia,Female,black,S,other,Android
599,Broderick,Lequeux,25,Philippines,Male,green,3XL,other,Android
600,Brynne,Duran,45,Nepal,Female,red,XL,"american express",iOS
601,Clementius,Cana,29,China,Male,blue,S,other,iOS
602,Ninette,Hauxby,41,Egypt,Female,black,3XL,other,Android
603,Barnaby,Bernasek,29,Russia,Male,gray,XS,other,other
604,Burlie,Gilliam,53,China,Male,blue,L,other,iOS
605,Durant,Chantrell,53,Poland,Male,black,2XL,other,other
606,Falkner,Glazyer,45,Malaysia,Other,blue,L,other,iOS
607,Melisande,Gonnel,53,China,Female,green,L,other,Android
608,Anton,Battram,38,Russia,Male,blue,2XL,other,Android
609,Niko,Neubigging,21,Ecuador,Other,blue,2XL,other,other
610,Garrick,Swanne,40,"Czech Republic",Other,blue,XL,other,iOS
611,Irwin,Greve,57,Peru,Male,black,S,other,Android
612,Ellyn,Pither,52,China,Female,gray,XS,other,Android
613,Barbaraanne,Lippiatt,53,Philippines,Female,gray,2XL,other,iOS
614,Cristina,Francisco,39,Ukraine,Other,black,L,other,Android
615,Moise,Drains,53,Kazakhstan,Male,gray,2XL,visa,Android
616,Sheeree,Fierman,48,Denmark,Female,white,XL,other,iOS
617,Lowell,Baldrey,54,Nigeria,Male,white,3XL,other,Android
618,Rosco,Bortolozzi,19,China,Male,red,2XL,other,Android
619,Camile,Gauld,34,Egypt,Female,red,L,other,iOS
620,Raynor,Horbart,56,Yemen,Male,red,S,other,iOS
621,Mackenzie,Cashley,47,Poland,Male,gray,XL,other,Android
622,Willy,Copeland,19,China,Male,black,M,mastercard,Android
623,Margarita,Fortesquieu,52,"New Zealand",Female,red,3XL,other,Android
624,Hanan,Gallahar,19,China,Male,red,S,other,Android
625,Eugenie,Kettley,27,Greece,Female,red,L,other,Android
626,Sonia,Chesnut,39,Tunisia,Female,black,S,other,iOS
627,Romain,Cottam,24,Brazil,Male,black,XL,mastercard,other
628,Briant,Middle,56,Indonesia,Male,green,S,other,iOS
629,Alverta,Friman,24,Tajikistan,Female,red,XL,mastercard,Android
630,Nickolas,Whitehurst,23,Colombia,Male,gray,XL,other,iOS
631,Shanda,Jakubovski,30,China,Female,red,S,other,Android
632,Leontine,Georgelin,43,Indonesia,Female,gray,L,other,Android
633,Tobin,Greer,40,Nicaragua,Male,gray,3XL,other,Android
634,Zedekiah,Bastistini,29,Indonesia,Male,white,M,other,Android
635,Dionne,Torrese,49,Sweden,Female,black,L,other,Android
636,Lissa,Mozzini,28,Ecuador,Female,blue,XL,other,iOS
637,Bruce,Bengal,56,Philippines,Male,gray,XL,other,other
638,Ronny,Lamburne,18,Japan,Female,green,XL,other,iOS
639,Peyton,O'Heffernan,50,Poland,Male,black,S,other,iOS
640,Fabian,Beviss,35,China,Other,blue,XS,other,Android
641,Gypsy,Candish,51,China,Female,blue,XS,other,Android
642,Clement,Dannett,51,Namibia,Male,green,M,other,Android
643,Evaleen,Whitemarsh,51,Philippines,Female,gray,M,other,Android
644,Norrie,Daile,31,Philippines,Male,white,3XL,"american express",Android
645,Gabie,Livingstone,44,China,Male,white,L,other,iOS
646,Nicholle,Matzkaitis,49,Indonesia,Female,black,L,other,iOS
647,Richardo,Welburn,35,Poland,Male,black,2XL,mastercard,Android
648,Madelene,Growden,44,Kazakhstan,Female,gray,XL,other,Android
649,Elijah,Krale,37,"South Korea",Male,white,L,other,iOS
650,Rudolfo,Cruickshank,29,France,Male,green,L,"american express",iOS
651,Dorian,Opie,26,China,Other,black,XS,other,iOS
652,Moina,Rotchell,29,Portugal,Female,white,XS,other,Android
653,Finn,Dowdeswell,40,Philippines,Male,red,2XL,"american express",Android
654,Kile,Kaaskooper,35,Russia,Male,red,S,other,Android
655,Cass,Fishbie,53,Nepal,Male,blue,2XL,"american express",iOS
656,Bee,Swain,50,Nigeria,Female,green,XS,other,Android
657,Kliment,Perri,52,Peru,Male,blue,3XL,other,Android
658,Ramonda,Huey,39,Japan,Female,white,2XL,other,Android
659,Amalee,Greenlees,58,Poland,Female,red,S,other,Android
660,Winnah,Janiszewski,32,China,Female,black,S,other,Android
661,Olivia,Dullaghan,49,France,Female,blue,M,other,other
662,Grier,Gilfoy,47,"Dominican Republic",Female,white,M,visa,other
663,Vania,Balding,20,Colombia,Female,red,XS,other,Android
664,Bertram,Buesden,31,Sweden,Male,gray,2XL,other,iOS
665,Nolana,Oldacres,36,Portugal,Female,gray,M,other,iOS
666,Rickard,Crimpe,49,Japan,Male,white,2XL,other,iOS
667,Zolly,MacGinlay,26,Bolivia,Male,gray,M,other,Android
668,Millisent,"De Bruin",26,Indonesia,Female,white,L,other,iOS
669,Nan,Dalbey,41,Belarus,Female,gray,L,other,Android
670,Brianne,Harlett,54,Malaysia,Other,red,S,other,Android
671,Theresa,Lapworth,45,Portugal,Female,blue,2XL,other,iOS
672,Rouvin,Lightman,30,Philippines,Male,red,L,other,Android
673,Blair,Gurnett,48,China,Male,red,XL,other,iOS
674,Hailey,Dandison,58,"Palestinian Territory",Male,blue,3XL,other,Android
675,Hobard,Kilmary,36,Portugal,Male,gray,M,other,Android
676,Harbert,Partington,54,Serbia,Male,white,2XL,other,Android
677,Bartholomeus,Hardwich,22,Latvia,Male,white,XS,other,Android
678,Gerhardine,Rawood,20,China,Female,black,3XL,other,iOS
679,Margalo,Ollerenshaw,27,Albania,Female,blue,M,other,Android
680,Craggie,Jikylls,19,Philippines,Male,green,S,mastercard,iOS
681,Westbrook,Cansdill,32,"El Salvador",Male,blue,2XL,other,iOS
682,Johan,Zimmer,54,"United States",Male,white,S,other,Android
683,Bryn,Tipping,45,Philippines,Male,green,XS,other,Android
684,Jacklyn,Ambrosini,33,Portugal,Female,black,2XL,other,iOS
685,Tailor,Ishchenko,27,"United States",Male,green,M,other,Android
686,Eran,Wade,32,Philippines,Female,blue,XL,other,iOS
687,Gilbertina,Quogan,21,China,Female,gray,S,other,Android
688,Bruce,Birtwell,37,Pakistan,Male,red,S,other,Android
689,Adaline,Halfhyde,46,China,Female,red,3XL,mastercard,Android
690,Gaby,Baum,39,Iran,Other,green,S,other,Android
691,Ingra,O'Dulchonta,57,Brazil,Other,blue,L,other,Android
692,Brodie,Baillie,39,Portugal,Male,red,L,other,Android
693,Elbertine,Giacometti,18,China,Female,red,M,other,Android
694,Darius,Renshaw,22,China,Male,white,3XL,other,Android
695,Scarlet,Askew,60,China,Female,red,XL,other,other
696,Clyde,Baskwell,28,China,Male,blue,2XL,other,iOS
697,Phillipp,Biaggetti,22,Peru,Male,green,S,other,iOS
698,Lanny,Girod,44,Indonesia,Male,white,2XL,other,other
699,Nickolaus,Penreth,51,"Czech Republic",Male,green,XS,other,Android
700,Hiram,Bigglestone,22,Philippines,Male,green,L,other,Android
701,Robinette,Hartford,25,Greece,Female,gray,XS,other,Android
702,Dynah,Gunney,52,Philippines,Female,gray,3XL,other,Android
703,Shae,"Moutray Read",29,Brazil,Male,white,2XL,other,other
704,Carolyne,Nafziger,33,Peru,Female,white,L,other,iOS
705,Shermy,Bautiste,57,Nepal,Male,white,2XL,other,Android
706,Ira,Tunney,21,Philippines,Female,red,3XL,"american express",Android
707,Hilarius,Duffett,49,Ukraine,Male,blue,S,other,iOS
708,Kandace,Lain,43,Bulgaria,Female,blue,L,other,Android
709,Shaylynn,Mullender,52,"United States",Female,blue,2XL,other,iOS
710,Alvera,Merrill,48,Norway,Other,green,L,other,Android
711,Killie,Bullough,51,Bulgaria,Male,blue,L,other,iOS
712,Dorey,Askwith,20,Indonesia,Other,gray,XS,other,iOS
713,Jillayne,Stops,21,Brazil,Female,blue,3XL,"american express",Android
714,Blakelee,Melbury,23,Ethiopia,Female,black,XS,other,iOS
715,Lorita,Berthomieu,36,Serbia,Female,green,L,other,Android
716,Constanta,Sherman,38,Poland,Female,red,3XL,other,other
717,Catherin,Hopkyns,55,Poland,Female,white,M,other,Android
718,Devinne,Linnell,48,Argentina,Female,gray,XL,"american express",other
719,Arie,Tellwright,60,China,Male,gray,L,other,Android
720,Julietta,Laird-Craig,54,Canada,Female,green,3XL,other,iOS
721,Clarke,Yellop,41,Brazil,Male,black,3XL,other,Android
722,Ranique,Stegers,33,"Czech Republic",Female,white,2XL,other,iOS
723,Thorpe,Casford,53,"Dominican Republic",Male,blue,3XL,other,other
724,Rowe,Kimbly,59,Russia,Female,black,2XL,other,Android
725,Donia,Hemphall,29,Russia,Female,green,S,other,Android
726,Kippar,Skinn,34,Cambodia,Male,blue,L,other,iOS
727,Trenna,Thomelin,30,Philippines,Female,gray,L,other,Android
728,Pietro,Evison,22,Sweden,Male,blue,XS,other,Android
729,Osbert,Feeney,42,Mongolia,Male,red,M,other,Android
730,Perkin,Toe,47,China,Male,red,S,other,Android
731,Doug,Kiss,24,"United States",Male,gray,2XL,other,Android
732,Ardith,Scarrott,32,Indonesia,Female,blue,2XL,other,iOS
733,Udell,Courtney,40,France,Male,red,S,other,Android
734,Mia,Kopecka,19,Indonesia,Female,black,XS,other,iOS
735,Carmela,Shirland,59,Cuba,Female,blue,2XL,other,Android
736,Barrie,Gilbody,45,Peru,Other,green,2XL,other,Android
737,Jdavie,Jaumet,21,Mongolia,Male,gray,M,other,Android
738,Clerc,Purchase,40,China,Male,blue,S,other,iOS
739,Darrelle,Furley,48,"French Polynesia",Other,white,XL,other,other
740,Craig,Iacovucci,23,Ukraine,Other,blue,S,other,Android
741,Keen,O'Fogerty,32,Thailand,Male,black,S,other,iOS
742,Skipper,Dundridge,44,China,Other,green,M,other,iOS
743,Calida,Czajka,57,Panama,Female,green,M,other,Android
744,Marlo,Daughtrey,18,Japan,Other,red,2XL,"american express",Android
745,Bayard,Hauxby,25,China,Male,blue,3XL,other,other
746,Kenyon,Ridel,41,Sweden,Male,red,2XL,other,iOS
747,Dion,Dregan,58,Sudan,Male,black,2XL,other,Android
748,Elvera,Larsen,38,Philippines,Other,blue,2XL,other,Android
749,Marne,Bachmann,32,Maldives,Other,black,2XL,other,other
750,Carin,Ellison,34,Brazil,Female,blue,XL,other,Android
751,Jodie,Edmonson,49,China,Female,blue,2XL,other,iOS
752,Jenine,Lafont,19,Kuwait,Female,green,XL,other,Android
753,Cazzie,Holsall,19,Brazil,Other,gray,L,"american express",Android
754,Hyacinthia,Rattrie,32,France,Female,red,M,other,other
755,York,Dyott,43,Egypt,Male,red,XL,other,Android
756,Padget,Clayton,43,Brazil,Male,black,L,other,iOS
757,Brigida,Andersch,54,China,Other,white,XS,other,iOS
758,Carmita,Matveiko,21,Ukraine,Female,green,M,other,iOS
759,Jamie,Meins,25,Finland,Male,blue,2XL,other,iOS
760,Brandea,Bellocht,38,Portugal,Female,gray,S,other,iOS
761,Elmer,Bossons,44,Indonesia,Male,red,XS,other,iOS
762,Kayne,O'Shields,24,"Hong Kong",Other,red,XS,"american express",other
763,Indira,Prest,55,France,Female,blue,M,other,other
764,Travis,Torri,51,China,Male,gray,S,other,iOS
765,Rici,Woodyear,29,Russia,Female,gray,XL,other,other
766,Randie,Rockall,54,China,Female,red,L,mastercard,Android
767,Kippar,Popplestone,28,Japan,Male,black,XS,other,Android
768,Davine,Jackling,18,Argentina,Female,red,L,other,other
769,Glenine,Buddles,31,Indonesia,Female,green,L,other,iOS
770,Albie,Lummis,55,Slovenia,Male,green,3XL,other,iOS
771,Leticia,Howick,45,Thailand,Female,white,XS,other,iOS
772,Ricoriki,Losty,55,Yemen,Male,blue,XS,other,Android
773,Almira,Jamson,22,Chile,Female,blue,M,other,Android
774,Minna,Helmke,44,Colombia,Other,blue,S,other,Android
775,Quincy,Facchini,28,"United States",Male,gray,S,other,Android
776,Hernando,Gilbart,32,China,Male,blue,XS,"american express",other
777,Raymond,Pikesley,30,Greece,Other,green,S,other,Android
778,Trenna,Rudolf,21,China,Female,gray,XS,mastercard,Android
779,Quill,Nice,27,Albania,Male,gray,L,other,Android
780,Berti,Bernardez,53,France,Female,blue,XL,other,iOS
781,Barbette,Heales,52,Portugal,Female,gray,M,other,Android
782,Neall,Lechmere,45,China,Male,black,S,other,iOS
783,Cord,Horsted,41,Indonesia,Male,green,XS,other,iOS
784,Ailene,Dightham,33,Philippines,Female,blue,L,other,Android
785,Tanya,Rebanks,31,Sweden,Female,blue,2XL,other,iOS
786,Violante,Mayzes,18,China,Female,red,XL,visa,Android
787,Maura,Barmby,24,China,Female,blue,3XL,other,iOS
788,Ira,Lawdham,30,France,Male,white,2XL,"american express",Android
789,Derk,Gilardone,32,Azerbaijan,Male,green,M,other,other
790,Rebekah,Iredale,22,Philippines,Female,white,L,other,Android
791,Nappie,Blakeslee,18,"United States",Male,gray,3XL,other,iOS
792,Kathie,Edess,36,Slovenia,Other,white,S,other,Android
793,Lorettalorna,Spafford,41,Russia,Female,black,2XL,other,iOS
794,Pepita,Demougeot,46,Brazil,Other,blue,2XL,mastercard,iOS
795,Teodoro,Willerstone,47,Indonesia,Male,blue,XS,mastercard,Android
796,Kissie,Gisburn,55,Slovenia,Female,red,XL,other,iOS
797,Ignace,Budgeon,52,Indonesia,Male,gray,M,other,iOS
798,Lacy,Bigby,59,France,Female,black,XS,other,Android
799,Everett,Basden,25,Russia,Other,gray,2XL,other,Android
800,Benni,Dorsett,30,"New Caledonia",Female,blue,M,visa,iOS
801,Win,Faire,39,Portugal,Male,white,XS,other,Android
802,Ciel,Dagon,52,France,Female,red,L,other,Android
803,Merwyn,Keneleyside,51,Poland,Male,red,L,other,Android
804,Annamarie,Arnaud,20,Morocco,Other,green,2XL,other,iOS
805,Benjamin,Goodlad,30,China,Male,blue,2XL,other,other
806,Garner,Landrieu,28,Indonesia,Male,black,XL,other,Android
807,Luce,Winn,49,Egypt,Male,white,XS,mastercard,Android
808,Jessamine,Weld,53,"Ivory Coast",Female,red,XL,other,iOS
809,Gelya,Demke,34,Indonesia,Female,green,L,other,Android
810,Clemmie,Coult,30,Sweden,Female,black,M,other,Android
811,Addia,Raithbie,18,China,Female,green,XS,other,Android
812,Cam,Wooldridge,28,Brazil,Female,black,S,"american express",Android
813,Julita,Gareisr,43,Poland,Female,gray,3XL,other,other
814,Powell,Kavanagh,43,Thailand,Male,blue,M,other,iOS
815,Eli,Gallihawk,26,Cyprus,Male,gray,L,other,iOS
816,Esme,Lippingwell,53,China,Male,black,XL,other,other
817,Alvinia,O'Carney,53,China,Female,white,M,other,Android
818,Corella,Bennitt,56,China,Female,blue,3XL,other,Android
819,Elbert,Ormerod,41,China,Male,blue,S,other,Android
820,Minette,Keighly,38,Portugal,Female,green,S,other,Android
821,Clayborn,Gurg,42,Russia,Male,red,S,other,other
822,Amalle,Guillart,49,Brazil,Female,blue,XS,other,iOS
823,Heather,Wakeman,25,China,Female,gray,XL,other,Android
824,Kellie,Yansons,23,China,Female,white,S,other,Android
825,Wilhelmina,"De Benedetti",48,Russia,Female,blue,2XL,mastercard,iOS
826,Armando,Ortzen,44,Peru,Male,blue,XL,other,iOS
827,Konstantine,Mahony,56,Sweden,Other,green,S,other,Android
828,Merrick,Pyett,27,Philippines,Other,black,L,mastercard,iOS
829,Diann,Orth,42,Kazakhstan,Female,gray,3XL,other,iOS
830,Samaria,Rourke,29,China,Female,green,2XL,other,other
831,Ambur,Oulet,36,France,Female,red,M,other,Android
832,Glenden,Hamson,47,"Czech Republic",Male,blue,S,other,Android
833,Ranique,Olufsen,25,China,Female,gray,3XL,other,Android
834,Astra,Dobing,28,Philippines,Female,black,S,"american express",Android
835,Mirabella,Oldfield,47,Azerbaijan,Female,black,XS,other,Android
836,Vikki,Mortlock,54,Poland,Female,red,XL,other,Android
837,Eveline,Figurski,35,Portugal,Female,green,M,other,Android
838,Chere,Jump,32,China,Female,blue,2XL,other,Android
839,Eadith,Voller,60,Indonesia,Female,blue,M,other,Android
840,Wait,Hellens,40,Indonesia,Male,gray,3XL,other,other
841,Danie,Baylis,48,Pakistan,Male,black,XL,other,Android
842,Jennica,"De Andreis",60,Russia,Female,gray,XS,other,other
843,Georgie,Coronas,44,"South Africa",Male,green,XL,other,Android
844,Celinka,Hacking,60,"United States",Female,red,3XL,other,other
845,Addison,Ourtic,54,Argentina,Male,gray,L,other,Android
846,Bard,Ziemen,38,Poland,Other,green,3XL,other,iOS
847,Frederic,Rickerby,25,Panama,Male,green,XS,mastercard,iOS
848,Torrey,Pyner,26,Portugal,Male,red,3XL,other,Android
849,Friedrick,Craig,45,Spain,Male,red,XS,other,iOS
850,Ericka,Dhenin,25,Philippines,Female,gray,XS,other,iOS
851,Lyn,Gallemore,40,Russia,Male,green,2XL,other,iOS
852,Olva,Ragdale,60,Japan,Female,gray,XS,other,Android
853,Heidi,Ferraretto,27,Iran,Female,green,2XL,other,iOS
854,Rhiamon,Mennithorp,31,Mexico,Female,black,L,other,Android
855,Clyve,MacCroary,39,Yemen,Male,blue,M,other,Android
856,Friedrich,Alu,28,Philippines,Male,blue,2XL,other,Android
857,Catina,Boolsen,58,Portugal,Female,gray,2XL,other,Android
858,Boigie,Surby,38,China,Male,black,S,other,Android
859,Louella,Cleaton,39,Sweden,Female,green,L,"american express",Android
860,Tedd,Limpertz,35,Poland,Male,black,S,other,iOS
861,Desirae,Lineham,45,China,Female,white,3XL,other,iOS
862,Car,Smidmore,55,China,Male,black,L,other,Android
863,Esther,Riddoch,38,Argentina,Female,white,2XL,other,iOS
864,Cherlyn,Bullen,60,Portugal,Female,red,S,other,iOS
865,Sonja,Lamburn,39,Jordan,Female,black,S,other,Android
866,Sherlocke,Delnevo,35,Colombia,Male,white,2XL,other,Android
867,Esra,Jurczak,47,Afghanistan,Male,black,L,other,Android
868,Jemie,Gheeorghie,55,Indonesia,Other,red,XS,other,iOS
869,Fannie,O'Currigan,23,China,Female,white,L,other,Android
870,Carter,Cosbee,18,Grenada,Male,blue,3XL,other,Android
871,Lanie,Fanning,24,"United States",Male,green,2XL,other,iOS
872,Ryun,Kinch,45,China,Male,red,3XL,other,iOS
873,Kliment,Epgrave,34,Thailand,Male,black,2XL,other,iOS
874,Aubrey,Pavlik,43,China,Female,blue,2XL,visa,Android
875,Sybille,Landy,35,"United States",Female,blue,XS,other,iOS
876,Selene,Tobin,31,Serbia,Female,red,M,other,Android
877,Derick,Miklem,56,Nigeria,Male,white,S,other,Android
878,Helaina,Luetkemeyer,29,Russia,Female,blue,XS,other,iOS
879,Billy,Germaine,21,Finland,Male,blue,2XL,other,iOS
880,Troy,Palmer,25,Philippines,Male,red,2XL,other,Android
881,Ruby,Checcuzzi,27,China,Female,green,S,other,Android
882,Kilian,Bacop,57,Albania,Male,red,XS,other,Android
883,Donavon,Spry,26,China,Male,gray,XL,other,Android
884,Blair,Morrowe,55,Sweden,Female,blue,L,mastercard,iOS
885,Portia,Worster,58,"Ivory Coast",Female,gray,3XL,other,Android
886,Alejandro,Pippard,28,Indonesia,Male,black,XL,other,Android
887,Sallee,Morfell,22,Russia,Female,blue,L,other,iOS
888,Isabelle,Klammt,57,China,Female,gray,M,other,Android
889,Bondon,Raulston,22,Poland,Other,white,M,other,Android
890,Nickolai,Fidal,38,Indonesia,Male,black,XL,other,iOS
891,Keen,Donaghy,54,Peru,Male,blue,3XL,other,iOS
892,Britni,McArley,20,"United States",Female,green,2XL,other,Android
893,Pam,Itchingham,27,Pakistan,Female,black,2XL,other,iOS
894,Jarad,McGahey,46,Bolivia,Male,white,2XL,mastercard,iOS
895,Joannes,Klas,22,"South Africa",Female,gray,L,other,iOS
896,Jennifer,"Mc Cahey",57,Israel,Other,black,2XL,other,other
897,Nance,Farndale,32,Brazil,Female,red,3XL,other,Android
898,Ernaline,Scandroot,46,Portugal,Female,black,XL,other,Android
899,Emyle,Ruddick,34,Macedonia,Female,gray,M,mastercard,iOS
900,Truman,Loverock,27,Indonesia,Male,white,XS,other,Android
901,Emylee,Stubbeley,42,Russia,Female,gray,L,"american express",Android
902,Chrystal,Baynam,54,Colombia,Female,white,2XL,other,Android
903,Selene,"De Domenicis",32,Portugal,Female,blue,M,other,Android
904,Cece,Sollon,43,"Costa Rica",Male,white,S,"american express",iOS
905,Evelin,Minister,55,Spain,Male,white,M,other,Android
906,Vassili,Illsley,49,Indonesia,Male,blue,L,other,iOS
907,Dante,Ropp,35,"Czech Republic",Other,gray,2XL,other,iOS
908,Tabby,Cawdell,54,Argentina,Male,blue,S,other,Android
909,Elliott,Gideon,60,China,Male,red,M,other,iOS
910,Chuck,Pinchen,52,"South Africa",Male,green,S,other,Android
911,Tate,Emmatt,51,Thailand,Male,black,3XL,"american express",iOS
912,Lanie,Leckenby,51,Serbia,Other,white,XS,other,Android
913,Florie,Cordle,53,China,Female,red,M,other,iOS
914,Grenville,Sonschein,58,China,Male,black,L,other,iOS
915,Eula,Castagnier,47,China,Female,blue,L,other,Android
916,Philippine,Grindlay,28,Croatia,Female,white,L,other,Android
917,Francyne,Keeves,59,Russia,Female,black,XL,other,Android
918,Gabriel,Baybutt,34,China,Female,red,XL,other,Android
919,Jodee,Birkett,45,Sweden,Female,white,2XL,other,Android
920,Georgina,McKinna,40,Russia,Female,gray,L,other,Android
921,Shauna,Harraway,50,"Ivory Coast",Female,green,S,mastercard,Android
922,Perren,McAvey,45,"South Africa",Male,green,M,other,iOS
923,Clyve,Dust,32,Brazil,Male,blue,XS,other,Android
924,Karon,Bazoge,56,Japan,Female,blue,L,other,iOS
925,Lisbeth,Heakins,43,Ukraine,Female,gray,3XL,other,Android
926,Fitz,Fisbey,60,Russia,Male,white,L,other,Android
927,Ardelle,Abbate,60,China,Female,green,XL,other,Android
928,Cherri,Leverich,50,France,Female,red,XS,other,Android
929,Guglielma,Rampley,55,China,Female,blue,3XL,other,Android
930,Koenraad,Hucke,18,"North Korea",Male,blue,XS,other,Android
931,Alexander,McInulty,23,Netherlands,Male,white,M,other,iOS
932,Tersina,Popplestone,28,Poland,Female,red,M,other,Android
933,Hurley,Hilland,24,Brazil,Male,red,S,other,other
934,Iosep,Yosselevitch,35,France,Male,red,M,other,Android
935,Hally,Quantrill,33,Indonesia,Female,white,M,other,other
936,Abdul,Lasselle,24,Indonesia,Male,white,XS,other,iOS
937,Joshia,Mulliss,38,Brazil,Male,gray,3XL,other,iOS
938,Karla,Wakeham,49,Indonesia,Other,blue,XL,other,Android
939,Northrop,Gillon,56,Portugal,Male,green,XL,mastercard,Android
940,Nananne,Fancett,22,Nepal,Female,white,M,other,Android
941,Angelika,Treske,43,Philippines,Female,white,XL,other,Android
942,Fionna,Constant,35,Finland,Female,green,2XL,other,Android
943,Menard,Clowley,30,"Democratic Republic of the Congo",Male,gray,2XL,other,iOS
944,Dayna,Dragon,39,Philippines,Female,blue,XL,other,Android
945,Sophronia,Chippin,34,China,Female,black,L,other,Android
946,Jamie,Gillanders,31,Bulgaria,Male,blue,XS,visa,iOS
947,Lavena,Lethebridge,35,Guatemala,Female,black,S,other,Android
948,Dena,Kiff,51,Poland,Female,red,M,other,iOS
949,Tracee,Andrzejewski,50,Japan,Female,gray,M,other,Android
950,Josselyn,Affuso,41,"United States",Female,gray,XL,other,Android
951,Griffith,Beri,35,Jordan,Male,black,2XL,other,Android
952,Gardener,McFeate,31,Russia,Other,white,XL,other,Android
953,Ingmar,Follett,39,France,Male,green,L,other,Android
954,Evania,Iacabucci,18,"United States",Female,black,XL,other,Android
955,Ola,Brangan,40,Germany,Female,gray,3XL,other,Android
956,Kim,Mcasparan,26,Senegal,Female,white,3XL,other,iOS
957,Gillian,Wike,25,Yemen,Female,gray,2XL,other,Android
958,Marlee,Habishaw,27,Philippines,Other,black,M,other,iOS
959,Des,Larkworthy,55,Chile,Male,green,XS,other,iOS
960,Hilliard,Haysham,30,Malaysia,Male,white,XL,other,iOS
961,Albina,Kemmer,35,China,Female,white,2XL,"american express",iOS
962,Anna-diane,Sunnex,49,Philippines,Female,gray,2XL,other,other
963,Dayle,Laird,36,Philippines,Female,gray,3XL,"american express",Android
964,Lolita,Foster-Smith,26,China,Female,blue,3XL,other,iOS
965,Cobby,Gossart,46,Greece,Male,blue,M,other,other
966,Mitzi,Cuschieri,20,Indonesia,Female,white,S,other,iOS
967,Gus,Alldread,37,China,Female,red,S,other,Android
968,Daria,Gencke,25,Colombia,Female,black,XS,other,Android
969,Elihu,Antonat,60,"United Kingdom",Male,red,2XL,"american express",Android
970,Camel,Capnerhurst,29,Russia,Female,gray,L,other,Android
971,Whitby,Grizard,19,Nepal,Male,white,2XL,other,other
972,Baxie,Greenfield,29,Germany,Male,red,L,other,iOS
973,Jo-ann,Ingle,42,"North Korea",Female,blue,S,other,Android
974,Garland,Sorley,50,Finland,Female,red,3XL,other,Android
975,Gerhardine,"Van Der Hoog",49,China,Female,red,XS,"american express",other
976,Mariette,Barhems,43,Indonesia,Female,blue,L,other,iOS
977,Twyla,Doonican,45,Russia,Female,gray,2XL,other,Android
978,Cordey,O'Hannen,34,Poland,Female,blue,S,other,Android
979,Sissy,Norcop,56,Russia,Female,red,S,other,iOS
980,Elton,Burdon,60,China,Male,blue,L,other,iOS
981,Evin,Leyrroyd,47,Turkmenistan,Male,red,S,other,Android
982,Vivyanne,"St Clair",31,Venezuela,Other,green,L,other,iOS
983,Laurianne,Pawel,45,Netherlands,Female,red,XL,other,iOS
984,Fulton,Lerego,37,China,Male,red,XS,visa,iOS
985,Desmund,Fursey,36,Luxembourg,Male,white,XL,other,Android
986,Jordon,Broun,29,"Czech Republic",Male,gray,XS,other,iOS
987,Stafford,Archer,33,Russia,Other,black,S,other,Android
988,Austin,Thornham,26,Portugal,Female,blue,XL,other,Android
989,Jedd,Grene,42,China,Male,blue,3XL,other,Android
990,Jareb,McNeilley,48,Mozambique,Male,gray,XS,other,Android
991,Kristofer,Polo,27,Hungary,Male,gray,S,other,Android
992,Marybeth,Meeson,50,Russia,Female,black,2XL,other,Android
993,Auberta,Maingot,50,Thailand,Female,blue,3XL,other,Android
994,Delcina,Hucquart,45,China,Female,white,3XL,other,Android
995,Dido,Meagher,22,China,Female,red,L,other,Android
996,Ardyth,Thomassen,23,Philippines,Other,red,2XL,other,Android
997,Merrel,Pickering,51,Philippines,Male,gray,XS,"american express",Android
998,Spence,Masham,57,Azerbaijan,Male,black,XL,other,Android
999,Marinna,Mower,48,"United States",Female,green,2XL,other,iOS
1000,Gwendolin,Crat,36,China,Female,blue,XS,other,other
